Trial_No,Feed_Rate,Depth_of_Cut,Cutting_Speed,Flank_Wear
1.0,0.7,0.5,250,0.393513
2.0,0.7,0.75,500,0.467263
3.0,0.7,1.0,750,0.541013
4.0,0.7,1.25,1000,0.614763
5.0,0.7,1.5,1250,0.688513
6.0,0.8,0.5,500,0.535513
7.0,0.8,0.75,750,0.609263
8.0,0.8,1.0,1000,0.683013
9.0,0.8,1.25,1250,0.756763
10.0,0.8,1.5,250,0.830513
11.0,0.9,0.5,750,0.677513
12.0,0.9,0.75,1000,0.751263
13.0,0.9,1.0,1250,0.825013
14.0,0.9,1.25,250,0.898763
15.0,0.9,1.5,500,0.972513
16.0,1.0,0.5,1000,0.819513
17.0,1.0,0.75,1250,0.893263
18.0,1.0,1.0,250,0.967013
19.0,1.0,1.25,500,1.040763
20.0,1.0,1.5,750,1.114513
21.0,1.1,0.5,1250,0.961513
22.0,1.1,0.75,250,1.035263
23.0,1.1,1.0,500,1.109013
24.0,1.1,1.25,750,1.182763
25.0,1.1,1.5,1000,1.256513
26.0,0.5,0.25,919,0.035763
28.0,0.5,0.35,855,0.065263
29.0,0.6,0.4,518,0.222013
30.0,0.8,0.45,364,0.520763
31.0,0.9,0.5,1266,0.677513
32.0,1.1,0.6,472,0.991013
33.0,1.0,0.55,900,0.834263
34.0,0.5,0.65,1130,0.153763
35.0,0.6,0.7,1026,0.310513
36.0,0.4,0.8,1136,0.056013
38.0,0.4,0.8,341,0.056013
39.0,0.5,0.85,936,0.212763
40.0,0.6,0.9,509,0.369513
41.0,0.5,0.7,453,0.168513
42.0,0.6,0.95,323,0.384263
43.0,0.8,1.0,710,0.683013
44.0,0.7,1.05,846,0.555763
45.0,0.9,1.1,897,0.854513
46.0,1.0,1.2,853,1.026013
47.0,1.1,2.0,803,1.404013
48.0,0.5,1.25,1175,0.330763
49.0,0.4,1.3,1163,0.203513
50.0,0.5,1.4,724,0.375013
51.0,0.6,1.5,391,0.546513
52.0,0.8,1.75,1131,0.904263
53.0,0.9,0.5,1179,0.677513
54.0,1.1,1.6,432,1.286013
55.0,1.0,1.7,1094,1.173513
56.0,0.5,1.75,427,0.478263
57.0,0.6,1.8,823,0.635013
58.0,0.4,1.85,1391,0.365763
59.0,0.3,1.9,1345,0.238513
61.0,0.5,0.3,1104,0.050513
62.0,0.6,0.35,643,0.207263
63.0,0.5,0.4,1029,0.080013
64.0,0.6,0.45,618,0.236763
65.0,0.8,0.5,670,0.535513
66.0,0.7,0.6,716,0.423013
67.0,0.9,0.55,1437,0.692263
68.0,1.0,0.65,819,0.863763
69.0,1.1,0.7,1108,1.020513
70.0,0.5,0.8,657,0.198013
71.0,0.4,0.75,1482,0.041263
72.0,0.5,0.8,1443,0.198013
73.0,0.6,0.85,704,0.354763
74.0,0.8,0.9,646,0.653513
75.0,0.9,0.7,296,0.736513
76.0,1.1,0.95,772,1.094263
77.0,1.0,1.0,786,0.967013
78.0,0.5,1.05,755,0.271763
79.0,0.6,1.1,1142,0.428513
80.0,0.4,1.2,700,0.174013
81.0,0.3,2.0,359,0.268013
82.0,0.4,1.25,866,0.188763
83.0,0.5,1.3,687,0.345513
84.0,0.6,1.4,931,0.517013
85.0,0.5,1.5,304,0.404513
86.0,0.6,1.75,546,0.620263
87.0,0.8,0.5,1332,0.535513
88.0,0.7,1.6,593,0.718013
89.0,0.9,1.7,1403,1.031513
90.0,1.0,1.75,428,1.188263
91.0,1.1,1.8,881,1.345013
92.0,0.5,1.85,1422,0.507763
93.0,0.4,1.9,603,0.380513
94.0,0.5,1.05,1460,0.271763
95.0,0.6,1.1,398,0.428513
96.0,0.8,1.2,1067,0.742013
97.0,0.9,2.0,620,1.120013
98.0,1.1,1.25,1280,1.182763
99.0,1.0,1.3,429,1.055513
100.0,0.5,1.4,459,0.375013
101.0,0.6,1.5,1047,0.546513
102.0,0.4,1.75,1007,0.336263
104.0,0.4,1.6,1121,0.292013
105.0,0.5,1.7,310,0.463513
106.0,0.6,1.75,1222,0.620263
107.0,0.5,1.8,1437,0.493013
108.0,0.6,1.85,1101,0.649763
109.0,0.8,1.9,1390,0.948513
110.0,0.7,0.25,717,0.319763
111.0,0.9,0.3,622,0.618513
112.0,1.0,0.35,1382,0.775263
113.0,1.1,0.4,606,0.932013
114.0,0.5,0.45,770,0.094763
116.0,0.5,0.75,926,0.183263
117.0,0.6,0.8,1079,0.340013
118.0,0.8,0.85,260,0.638763
119.0,0.9,0.9,814,0.795513
120.0,1.1,0.7,1411,1.020513
121.0,1.0,0.95,323,0.952263
122.0,0.5,1.0,333,0.257013
123.0,0.6,1.05,1260,0.413763
124.0,0.4,1.1,422,0.144513
125.0,0.3,1.2,1364,0.032013
126.0,0.4,2.0,1300,0.410013
127.0,0.5,1.25,753,0.330763
128.0,0.6,1.3,857,0.487513
129.0,0.5,1.4,1152,0.375013
130.0,0.6,1.5,518,0.546513
131.0,0.8,1.75,1289,0.904263
132.0,0.7,0.5,1475,0.393513
133.0,0.9,1.6,945,1.002013
134.0,1.0,1.7,900,1.173513
135.0,1.1,1.75,1416,1.330263
136.0,0.5,1.8,463,0.493013
137.0,0.4,1.85,587,0.365763
138.0,0.5,1.9,1150,0.522513
139.0,0.6,1.05,1314,0.413763
140.0,0.8,1.1,1219,0.712513
141.0,0.9,1.5,569,0.972513
142.0,1.1,1.75,737,1.330263
143.0,1.0,0.5,1301,0.819513
144.0,0.5,1.6,1123,0.434013
145.0,0.6,1.7,841,0.605513
146.0,0.4,1.75,915,0.336263
147.0,0.3,1.8,669,0.209013
148.0,0.4,1.85,319,0.365763
149.0,0.5,1.9,421,0.522513
150.0,0.6,1.05,914,0.413763
151.0,0.5,1.1,1103,0.286513
152.0,0.6,1.2,947,0.458013
153.0,0.8,2.0,1347,0.978013
154.0,0.7,1.25,1316,0.614763
155.0,0.9,1.3,1169,0.913513
156.0,1.0,1.4,913,1.085013
157.0,1.1,1.5,1414,1.256513
158.0,1.1,1.75,386,1.330263
159.0,1.1,0.5,770,0.961513
160.0,0.5,1.6,409,0.434013
161.0,0.4,1.7,840,0.321513
162.0,0.5,1.75,1144,0.478263
163.0,0.6,1.8,347,0.635013
164.0,0.8,1.85,1338,0.933763
165.0,0.9,1.9,835,1.090513
166.0,1.1,0.25,732,0.887763
167.0,1.0,0.3,424,0.760513
168.0,0.5,0.35,886,0.065263
169.0,0.6,0.4,463,0.222013
172.0,0.4,0.75,823,0.041263
173.0,0.5,0.8,351,0.198013
174.0,0.6,0.85,1380,0.354763
175.0,0.5,0.9,819,0.227513
176.0,0.6,0.7,1068,0.310513
177.0,0.8,0.95,643,0.668263
178.0,0.7,1.0,693,0.541013
179.0,0.9,1.05,635,0.839763
180.0,0.4,1.1,688,0.144513
181.0,0.3,1.2,947,0.032013
182.0,0.4,2.0,1335,0.410013
183.0,0.5,1.25,1234,0.330763
184.0,0.6,1.3,646,0.487513
185.0,0.5,1.4,1182,0.375013
186.0,0.6,1.5,800,0.546513
187.0,0.8,1.75,1248,0.904263
188.0,0.7,0.5,980,0.393513
189.0,0.9,1.6,422,1.002013
190.0,1.0,1.7,809,1.173513
191.0,1.1,1.75,652,1.330263
192.0,0.5,1.8,687,0.493013
193.0,0.4,1.85,930,0.365763
194.0,0.5,1.9,584,0.522513
195.0,0.6,1.05,276,0.413763
196.0,0.8,1.1,1252,0.712513
197.0,0.9,1.5,1220,0.972513
198.0,1.1,1.75,628,1.330263
199.0,1.0,0.5,451,0.819513
200.0,0.5,1.6,1245,0.434013
201.0,0.6,1.7,1400,0.605513
202.0,0.4,1.75,944,0.336263
203.0,0.3,1.8,1500,0.209013
204.0,0.4,1.8,999,0.351013
205.0,0.5,1.85,253,0.507763
206.0,0.6,1.9,695,0.664513
207.0,0.5,1.05,276,0.271763
208.0,0.6,1.1,747,0.428513
209.0,0.8,1.2,1205,0.742013
210.0,0.7,2.0,1192,0.836013
211.0,0.9,1.25,1004,0.898763
212.0,1.0,1.3,896,1.055513
213.0,1.1,1.4,851,1.227013
214.0,1.1,1.5,413,1.256513
215.0,1.1,1.75,413,1.330263
216.0,0.5,0.5,626,0.109513
217.0,0.4,1.6,711,0.292013
218.0,0.5,1.7,1154,0.463513
219.0,0.6,1.75,856,0.620263
220.0,0.8,1.8,1276,0.919013
221.0,0.9,1.85,305,1.075763
222.0,1.1,1.9,415,1.374513
223.0,1.0,0.25,683,0.745763
224.0,0.5,0.3,1120,0.050513
225.0,0.6,0.35,944,0.207263
227.0,1.3,0.45,1119,1.230763
228.0,1.4,0.5,1019,1.387513
231.0,0.5,0.85,1475,0.212763
236.0,0.9,0.85,256,0.780763
237.0,0.7,0.9,1104,0.511513
238.0,0.95,0.7,553,0.807513
239.0,1.0,0.95,270,0.952263
240.0,0.85,1.0,1183,0.754013
241.0,0.9,1.05,1254,0.839763
242.0,0.7,1.1,1330,0.570513
243.0,0.95,1.2,776,0.955013
244.0,1.0,2.0,645,1.262013
245.0,1.05,1.25,1355,1.111763
246.0,1.1,1.3,1027,1.197513
247.0,1.2,1.4,451,1.369013
250.0,1.3,0.5,761,1.245513
254.0,0.5,1.8,1177,0.493013
261.0,1.05,0.5,1105,0.890513
262.0,1.1,1.6,372,1.286013
265.0,0.5,1.8,839,0.493013
266.0,0.5,0.75,1018,0.183263
273.0,1.05,1.05,586,1.052763
274.0,1.1,1.1,1306,1.138513
276.0,1.0,2.0,1019,1.262013
277.0,0.85,1.25,987,0.827763
278.0,0.9,1.3,1076,0.913513
279.0,0.7,1.4,405,0.659013
280.0,0.95,1.5,1049,1.043513
281.0,1.0,1.75,1036,1.188263
282.0,1.05,0.5,663,0.890513
283.0,1.1,1.6,333,1.286013
284.0,1.2,1.7,517,1.457513
289.0,1.5,0.25,1325,1.455763
291.0,0.5,0.35,1153,0.065263
297.0,0.5,0.65,580,0.153763
298.0,0.6,0.7,378,0.310513
299.0,0.5,0.8,250,0.198013
300.0,0.6,0.75,709,0.325263
301.0,0.8,0.8,970,0.624013
302.0,0.7,0.85,1150,0.496763
303.0,0.9,0.9,421,0.795513
304.0,1.0,0.7,1474,0.878513
305.0,1.1,0.95,1376,1.094263
306.0,1.1,1.0,543,1.109013
307.0,1.1,1.05,1200,1.123763
308.0,0.5,1.1,996,0.286513
309.0,0.4,1.2,1398,0.174013
310.0,0.5,2.0,1282,0.552013
311.0,0.6,1.25,765,0.472763
312.0,0.8,1.3,1294,0.771513
313.0,0.9,1.4,1484,0.943013
314.0,1.1,1.5,1024,1.256513
315.0,1.0,1.75,1043,1.188263
316.0,0.5,0.5,574,0.109513
317.0,0.6,1.6,1001,0.576013
318.0,0.4,1.7,360,0.321513
323.0,0.5,1.05,984,0.271763
328.0,0.9,1.3,830,0.913513
329.0,0.7,1.4,530,0.659013
330.0,0.95,1.5,550,1.043513
331.0,1.0,1.75,1366,1.188263
332.0,0.85,0.5,1167,0.606513
333.0,0.9,1.6,829,1.002013
334.0,0.7,1.7,1053,0.747513
335.0,0.5,1.75,321,0.478263
336.0,0.6,1.8,1038,0.635013
337.0,0.5,1.85,453,0.507763
338.0,0.6,1.9,725,0.664513
339.0,0.8,0.25,1097,0.461763
340.0,0.7,0.3,1467,0.334513
341.0,0.9,0.35,461,0.633263
342.0,1.0,0.4,1304,0.790013
343.0,1.1,0.45,1106,0.946763
344.0,0.5,0.5,1152,0.109513
345.0,0.4,0.75,1467,0.041263
346.0,0.5,0.8,591,0.198013
347.0,0.6,0.85,610,0.354763
348.0,0.8,0.9,608,0.653513
349.0,0.9,0.7,347,0.736513
350.0,1.1,0.95,363,1.094263
351.0,1.0,1.0,1086,0.967013
352.0,0.5,1.05,274,0.271763
353.0,0.6,1.1,1334,0.428513
354.0,0.4,1.2,489,0.174013
355.0,0.3,2.0,824,0.268013
356.0,0.4,1.25,1091,0.188763
357.0,0.5,1.3,940,0.345513
358.0,0.6,1.4,1041,0.517013
359.0,0.5,1.5,572,0.404513
360.0,0.6,1.75,1429,0.620263
361.0,0.8,0.5,1399,0.535513
362.0,0.7,1.0,741,0.541013
363.0,0.9,1.25,1417,0.898763
364.0,1.0,1.5,431,1.114513
365.0,1.1,0.5,1137,0.961513
366.0,0.5,0.75,507,0.183263
367.0,0.4,1.0,769,0.115013
368.0,0.5,1.25,1322,0.330763
369.0,0.6,1.5,506,0.546513
370.0,0.8,0.5,827,0.535513
371.0,0.9,0.75,771,0.751263
372.0,1.1,1.0,1100,1.109013
373.0,1.0,1.25,261,1.040763
374.0,0.5,1.5,1223,0.404513
375.0,0.6,0.25,1385,0.177763
379.0,0.5,0.45,934,0.094763
380.0,0.6,0.5,931,0.251513
381.0,0.5,0.6,795,0.139013
382.0,0.6,0.55,678,0.266263
383.0,0.8,0.65,670,0.579763
384.0,0.7,0.7,371,0.452513
385.0,0.9,0.8,1464,0.766013
386.0,1.0,0.75,753,0.893263
387.0,1.1,0.8,397,1.050013
388.0,1.1,0.85,824,1.064763
389.0,1.1,0.9,1415,1.079513
390.0,0.5,0.7,315,0.168513
391.0,0.4,0.95,617,0.100263
392.0,0.5,1.0,1124,0.257013
393.0,0.6,1.05,448,0.413763
394.0,0.8,1.1,695,0.712513
395.0,0.9,1.2,387,0.884013
396.0,1.1,2.0,1180,1.404013
397.0,1.0,1.25,914,1.040763
398.0,0.5,1.3,367,0.345513
399.0,0.6,1.4,288,0.517013
400.0,0.4,1.5,1276,0.262513
401.0,0.3,1.75,350,0.194263
403.0,0.5,1.6,1125,0.434013
404.0,0.6,1.7,252,0.605513
405.0,0.5,1.75,1381,0.478263
406.0,0.6,1.8,256,0.635013
407.0,0.8,1.85,564,0.933763
408.0,0.7,1.9,685,0.806513
409.0,0.9,0.25,757,0.603763
413.0,0.5,0.45,1447,0.094763
414.0,0.6,0.5,1429,0.251513
415.0,0.5,0.6,739,0.139013
416.0,0.6,0.55,1133,0.266263
417.0,0.8,0.65,1395,0.579763
418.0,0.7,0.7,1076,0.452513
419.0,0.9,0.8,726,0.766013
420.0,1.0,0.75,1086,0.893263
421.0,1.1,0.8,1383,1.050013
422.0,0.5,0.85,966,0.212763
423.0,0.4,0.9,1204,0.085513
424.0,0.5,0.7,1268,0.168513
425.0,0.6,0.95,1460,0.384263
426.0,0.8,1.0,771,0.683013
427.0,0.9,1.05,923,0.839763
428.0,1.1,1.1,979,1.138513
429.0,1.0,1.2,471,1.026013
430.0,0.5,2.0,448,0.552013
431.0,0.6,1.25,757,0.472763
432.0,0.4,1.3,694,0.203513
433.0,0.3,1.4,1500,0.091013
434.0,0.4,1.5,1438,0.262513
435.0,0.5,1.75,710,0.478263
436.0,0.6,0.5,1235,0.251513
437.0,0.5,1.6,255,0.434013
438.0,0.6,1.7,1265,0.605513
439.0,0.8,1.75,700,0.904263
440.0,0.7,1.8,1007,0.777013
441.0,0.9,1.85,493,1.075763
442.0,1.0,1.9,1285,1.232513
443.0,1.1,1.05,1283,1.123763
444.0,1.1,1.1,1044,1.138513
445.0,1.1,1.2,1439,1.168013
446.0,0.5,2.0,1362,0.552013
447.0,0.4,1.25,1115,0.188763
448.0,0.5,1.3,413,0.345513
449.0,0.6,1.4,930,0.517013
450.0,0.8,1.5,1496,0.830513
451.0,0.9,1.75,934,1.046263
452.0,1.1,0.5,718,0.961513
453.0,1.0,1.6,310,1.144013
454.0,0.5,1.7,684,0.463513
455.0,0.6,1.75,354,0.620263
456.0,0.4,1.8,661,0.351013
459.0,1.5,0.25,383,1.455763
461.0,0.5,0.35,1456,0.065263
466.0,0.9,0.8,1037,0.766013
467.0,0.7,0.85,1401,0.496763
468.0,0.95,0.9,613,0.866513
469.0,1.0,0.7,516,0.878513
470.0,0.85,0.95,268,0.739263
471.0,0.9,1.0,307,0.825013
472.0,0.7,1.05,1248,0.555763
473.0,0.95,1.1,784,0.925513
474.0,1.0,1.2,556,1.026013
475.0,1.05,2.0,1162,1.333013
476.0,1.1,1.25,935,1.182763
477.0,1.2,1.3,690,1.339513
479.0,1.25,1.5,344,1.469513
480.0,1.3,1.05,1338,1.407763
484.0,0.5,1.25,442,0.330763
490.0,0.7,1.0,1350,0.541013
491.0,0.7,1.25,1283,0.614763
492.0,0.8,1.5,384,0.830513
493.0,0.8,0.5,545,0.535513
494.0,0.8,0.75,503,0.609263
495.0,0.8,1.0,577,0.683013
496.0,0.8,1.25,1465,0.756763
497.0,0.9,1.5,553,0.972513
498.0,0.9,0.5,373,0.677513
499.0,0.9,0.75,1244,0.751263
500.0,0.9,1.0,906,0.825013
501.0,0.9,1.25,782,0.898763
502.0,1.0,1.5,1486,1.114513
503.0,1.0,0.25,806,0.745763
504.0,1.0,0.3,439,0.760513
505.0,1.0,0.35,410,0.775263
506.0,1.0,0.4,685,0.790013
507.0,1.1,0.45,598,0.946763
508.0,1.1,0.5,937,0.961513
509.0,1.1,0.6,981,0.991013
510.0,1.1,0.55,1289,0.976263
511.0,1.1,0.65,1206,1.005763
512.0,0.5,0.7,446,0.168513
513.0,0.4,1.75,1439,0.336263
514.0,0.5,1.8,613,0.493013
515.0,0.6,1.85,799,0.649763
516.0,0.8,1.9,845,0.948513
517.0,0.9,0.25,658,0.603763
518.0,1.1,0.3,1141,0.902513
519.0,1.0,0.35,443,0.775263
520.0,0.5,0.4,695,0.080013
521.0,0.6,0.45,275,0.236763
524.0,0.4,0.8,549,0.056013
525.0,0.5,0.85,1460,0.212763
526.0,0.6,0.9,346,0.369513
527.0,0.5,0.7,1487,0.168513
528.0,0.6,0.95,794,0.384263
529.0,0.8,1.0,734,0.683013
530.0,0.7,1.05,602,0.555763
531.0,0.9,1.1,1106,0.854513
532.0,1.0,1.2,629,1.026013
533.0,1.1,2.0,305,1.404013
534.0,0.5,1.25,783,0.330763
535.0,0.4,1.3,379,0.203513
536.0,0.5,1.4,670,0.375013
537.0,0.6,1.5,961,0.546513
538.0,0.8,1.05,383,0.697763
539.0,0.9,1.1,1402,0.854513
540.0,1.1,1.2,1087,1.168013
541.0,1.0,2.0,595,1.262013
542.0,0.5,1.25,695,0.330763
543.0,0.6,1.3,1182,0.487513
544.0,0.4,1.4,1008,0.233013
545.0,0.3,1.5,1131,0.120513
546.0,0.4,1.75,747,0.336263
547.0,0.5,0.5,807,0.109513
548.0,0.6,0.25,1244,0.177763
549.0,0.5,0.3,1014,0.050513
550.0,0.6,0.35,866,0.207263
551.0,0.8,0.4,1316,0.506013
552.0,0.7,0.45,581,0.378763
553.0,0.9,0.5,356,0.677513
554.0,1.0,0.6,269,0.849013
555.0,1.1,0.55,1294,0.976263
556.0,0.5,0.65,1325,0.153763
557.0,0.4,0.7,569,0.026513
558.0,0.5,0.8,814,0.198013
559.0,0.6,0.75,1166,0.325263
560.0,0.8,0.8,1433,0.624013
561.0,0.9,0.85,1260,0.780763
562.0,1.1,0.9,339,1.079513
563.0,1.0,0.7,275,0.878513
564.0,0.5,0.95,559,0.242263
565.0,0.6,1.0,1212,0.399013
566.0,0.4,1.05,780,0.129763
567.0,0.3,1.1,858,0.002513
568.0,0.4,1.2,510,0.174013
569.0,0.5,2.0,1046,0.552013
570.0,0.6,1.25,520,0.472763
571.0,0.5,1.3,1098,0.345513
572.0,0.6,1.4,1125,0.517013
573.0,0.8,1.5,1422,0.830513
574.0,0.7,1.75,490,0.762263
575.0,0.9,0.5,594,0.677513
576.0,1.0,1.6,574,1.144013
577.0,1.1,1.7,1407,1.315513
578.0,0.5,1.75,384,0.478263
579.0,0.4,1.8,1169,0.351013
580.0,0.5,1.85,1056,0.507763
581.0,0.6,1.9,875,0.664513
582.0,0.8,0.25,961,0.461763
583.0,0.9,0.3,1202,0.618513
584.0,1.1,0.35,772,0.917263
585.0,1.0,0.4,1230,0.790013
586.0,0.5,0.45,775,0.094763
587.0,0.6,0.5,1478,0.251513
590.0,0.4,0.65,939,0.011763
591.0,0.5,0.7,924,0.168513
592.0,0.6,0.8,1466,0.340013
593.0,0.5,0.75,463,0.183263
594.0,0.6,0.8,935,0.340013
595.0,0.8,0.85,885,0.638763
596.0,0.7,0.9,463,0.511513
597.0,0.9,0.7,1468,0.736513
598.0,1.0,0.95,761,0.952263
599.0,1.1,1.0,775,1.109013
600.0,0.5,1.05,1146,0.271763
601.0,0.4,1.1,795,0.144513
602.0,0.5,1.2,1308,0.316013
603.0,0.6,2.0,516,0.694013
604.0,0.8,1.25,1185,0.756763
605.0,0.9,1.3,726,0.913513
606.0,1.1,1.4,299,1.227013
607.0,1.0,1.5,370,1.114513
608.0,0.5,1.75,545,0.478263
609.0,0.6,0.5,1422,0.251513
610.0,0.4,1.6,544,0.292013
611.0,0.3,1.7,1433,0.179513
612.0,0.4,1.75,556,0.336263
613.0,0.5,1.8,431,0.493013
614.0,0.6,1.85,1135,0.649763
615.0,0.5,1.9,443,0.522513
616.0,0.6,1.05,548,0.413763
617.0,0.8,1.1,956,0.712513
618.0,0.7,1.2,918,0.600013
619.0,0.9,2.0,876,1.120013
620.0,1.0,1.25,774,1.040763
621.0,1.1,1.3,673,1.197513
622.0,0.5,1.4,1112,0.375013
623.0,0.4,1.5,384,0.262513
624.0,0.5,1.75,799,0.478263
625.0,0.6,0.5,1330,0.251513
626.0,0.8,1.6,484,0.860013
627.0,0.9,1.7,504,1.031513
628.0,1.1,1.75,1122,1.330263
629.0,1.0,1.8,890,1.203013
630.0,0.5,1.85,1413,0.507763
631.0,0.6,1.9,625,0.664513
635.0,0.5,0.4,551,0.080013
636.0,0.6,0.45,998,0.236763
637.0,0.5,0.5,1387,0.109513
638.0,0.6,0.75,1499,0.325263
639.0,0.8,0.8,268,0.624013
640.0,0.7,0.85,534,0.496763
641.0,0.9,0.9,356,0.795513
642.0,1.0,0.7,1336,0.878513
643.0,1.1,0.95,429,1.094263
644.0,1.1,1.0,433,1.109013
645.0,1.1,1.05,465,1.123763
646.0,0.5,1.1,713,0.286513
647.0,0.4,1.2,503,0.174013
648.0,0.5,2.0,1414,0.552013
649.0,0.6,1.25,522,0.472763
650.0,0.8,1.3,380,0.771513
651.0,0.9,1.4,610,0.943013
652.0,1.1,1.5,925,1.256513
653.0,1.0,1.05,350,0.981763
654.0,0.5,1.1,1130,0.286513
655.0,0.6,1.2,1439,0.458013
656.0,0.4,2.0,560,0.410013
657.0,0.3,1.25,1108,0.046763
658.0,0.4,1.3,1201,0.203513
659.0,0.5,1.4,881,0.375013
660.0,0.6,1.5,431,0.546513
661.0,0.5,1.75,732,0.478263
662.0,0.6,0.5,1307,0.251513
663.0,0.8,1.0,658,0.683013
664.0,0.7,1.25,1370,0.614763
665.0,0.9,1.5,410,0.972513
668.0,0.4,1.0,985,0.115013
669.0,0.5,1.25,748,0.330763
670.0,0.6,1.5,291,0.546513
671.0,0.5,0.5,852,0.109513
672.0,0.6,0.75,1290,0.325263
673.0,0.8,1.0,1174,0.683013
674.0,0.7,1.25,1415,0.614763
675.0,0.9,1.5,1059,0.972513
676.0,1.0,0.25,1299,0.745763
677.0,1.1,0.3,398,0.902513
678.0,0.5,0.35,1050,0.065263
680.0,0.5,0.45,1054,0.094763
681.0,0.6,0.5,1128,0.251513
682.0,0.8,0.6,410,0.565013
683.0,0.9,0.55,1472,0.692263
684.0,1.1,0.65,1097,1.005763
685.0,1.0,0.7,909,0.878513
686.0,0.5,1.75,315,0.478263
687.0,0.6,1.8,1247,0.635013
688.0,0.4,1.85,599,0.365763
689.0,0.3,1.9,337,0.238513
691.0,0.5,0.3,1220,0.050513
692.0,0.6,0.35,1454,0.207263
693.0,0.5,0.4,1487,0.080013
694.0,0.6,0.45,876,0.236763
695.0,0.8,0.5,387,0.535513
696.0,0.7,0.75,1369,0.467263
697.0,0.9,0.8,1079,0.766013
698.0,1.0,0.85,948,0.922763
699.0,1.1,0.9,1123,1.079513
700.0,1.1,0.7,323,1.020513
701.0,1.1,0.95,1432,1.094263
702.0,0.5,1.0,489,0.257013
703.0,0.4,1.05,652,0.129763
704.0,0.5,1.1,1001,0.286513
705.0,0.6,1.2,608,0.458013
706.0,0.8,2.0,1201,0.978013
707.0,0.9,1.25,341,0.898763
708.0,1.1,1.3,826,1.197513
709.0,1.0,1.5,588,1.114513
710.0,0.5,0.25,390,0.035763
711.0,0.6,0.3,659,0.192513
713.0,1.3,0.4,884,1.216013
714.0,1.4,0.45,313,1.372763
717.0,0.5,0.55,488,0.124263
722.0,0.9,0.8,648,0.766013
723.0,0.7,0.85,437,0.496763
724.0,0.95,0.9,1029,0.866513
725.0,1.0,0.7,1354,0.878513
726.0,0.85,0.95,718,0.739263
727.0,0.9,1.0,751,0.825013
728.0,0.7,1.05,1463,0.555763
729.0,0.95,1.1,1026,0.925513
730.0,1.0,1.2,1056,1.026013
731.0,1.05,2.0,1005,1.333013
732.0,1.1,1.25,834,1.182763
733.0,1.2,1.3,1466,1.339513
735.0,1.25,1.5,1064,1.469513
737.0,1.4,0.5,587,1.387513
740.0,0.5,1.75,1336,0.478263
747.0,1.05,0.4,1152,0.861013
748.0,1.1,0.45,799,0.946763
751.0,0.5,0.55,1033,0.124263
752.0,0.5,0.65,380,0.153763
759.0,1.05,0.7,427,0.949513
760.0,1.1,0.95,806,1.094263
762.0,1.0,1.05,1468,0.981763
763.0,0.85,1.1,554,0.783513
764.0,0.9,1.2,286,0.884013
765.0,0.7,2.0,1032,0.836013
766.0,0.95,1.25,1212,0.969763
767.0,1.0,1.3,1120,1.055513
768.0,1.05,1.4,1236,1.156013
769.0,1.1,1.5,1442,1.256513
770.0,1.2,1.75,619,1.472263
772.0,1.25,1.6,1029,1.499013
777.0,0.5,1.9,728,0.522513
781.0,0.3,2.0,460,0.268013
782.0,0.4,1.25,1483,0.188763
783.0,0.5,1.3,616,0.345513
784.0,0.6,1.4,986,0.517013
785.0,0.5,1.5,1445,0.404513
786.0,0.6,0.6,551,0.281013
787.0,0.8,0.55,526,0.550263
788.0,0.7,0.65,321,0.437763
789.0,0.9,0.7,606,0.736513
790.0,1.0,1.75,349,1.188263
791.0,1.1,1.8,1165,1.345013
792.0,1.1,1.85,1444,1.359763
793.0,1.1,1.9,1057,1.374513
794.0,0.5,0.25,922,0.035763
796.0,0.5,0.35,674,0.065263
797.0,0.6,0.4,288,0.222013
798.0,0.8,0.45,1167,0.520763
799.0,0.9,0.5,1025,0.677513
800.0,1.1,0.75,551,1.035263
801.0,1.0,0.8,954,0.908013
802.0,0.5,0.85,1484,0.212763
803.0,0.6,0.9,996,0.369513
804.0,0.4,0.7,621,0.026513
805.0,1.3,0.95,717,1.378263
809.0,0.5,1.2,467,0.316013
814.0,0.9,1.75,1439,1.046263
815.0,0.7,0.5,836,0.393513
816.0,0.95,1.6,1366,1.073013
817.0,1.0,1.7,716,1.173513
818.0,0.85,1.75,672,0.975263
819.0,0.9,1.8,1211,1.061013
820.0,0.7,1.85,456,0.791763
821.0,0.5,1.9,1078,0.522513
822.0,0.6,1.05,1355,0.413763
823.0,0.5,1.1,868,0.286513
824.0,0.6,1.2,373,0.458013
825.0,0.8,2.0,766,0.978013
826.0,0.7,1.25,1335,0.614763
827.0,0.9,1.3,1478,0.913513
828.0,1.0,1.4,1479,1.085013
829.0,1.1,1.5,606,1.256513
830.0,0.5,0.6,596,0.139013
832.0,0.5,0.65,1279,0.153763
833.0,0.6,0.7,288,0.310513
834.0,0.8,1.75,661,0.904263
835.0,0.9,1.8,748,1.061013
836.0,1.1,1.85,596,1.359763
837.0,1.0,1.9,827,1.232513
838.0,0.5,0.25,1404,0.035763
839.0,0.6,0.3,833,0.192513
843.0,0.5,0.5,944,0.109513
844.0,0.6,0.75,574,0.325263
845.0,0.5,0.8,583,0.198013
846.0,0.6,0.85,340,0.354763
847.0,0.8,0.9,1030,0.653513
848.0,0.7,0.7,516,0.452513
849.0,0.9,0.95,414,0.810263
850.0,1.0,1.0,1464,0.967013
851.0,1.1,1.05,434,1.123763
852.0,0.5,1.1,1126,0.286513
853.0,0.4,1.2,756,0.174013
854.0,0.5,2.0,537,0.552013
855.0,0.6,1.25,1260,0.472763
856.0,0.8,1.8,830,0.919013
857.0,0.9,1.85,354,1.075763
858.0,1.1,1.9,1238,1.374513
859.0,1.0,1.05,898,0.981763
860.0,0.5,1.1,1382,0.286513
861.0,0.6,1.2,915,0.458013
862.0,0.4,2.0,1343,0.410013
863.0,0.3,1.25,930,0.046763
864.0,0.4,1.3,422,0.203513
865.0,0.5,1.4,559,0.375013
866.0,0.6,1.5,530,0.546513
867.0,0.5,0.6,1374,0.139013
868.0,0.6,0.55,513,0.266263
869.0,0.8,0.65,973,0.579763
870.0,0.7,0.7,283,0.452513
871.0,0.9,1.75,652,1.046263
872.0,1.0,0.3,1145,0.760513
873.0,1.1,0.35,320,0.917263
874.0,1.1,0.4,1408,0.932013
875.0,1.1,0.45,370,0.946763
876.0,0.5,0.5,809,0.109513
878.0,0.5,0.55,996,0.124263
879.0,0.6,0.65,882,0.295763
880.0,0.8,0.7,1150,0.594513
881.0,0.9,0.8,399,0.766013
882.0,1.1,0.75,1050,1.035263
883.0,1.0,0.8,1338,0.908013
884.0,0.5,0.85,640,0.212763
885.0,0.6,0.9,1106,0.369513
886.0,0.4,0.7,931,0.026513
888.0,0.4,1.0,699,0.115013
889.0,0.5,1.05,793,0.271763
890.0,0.6,1.1,664,0.428513
891.0,0.5,1.2,471,0.316013
892.0,0.6,2.0,978,0.694013
893.0,0.8,1.25,507,0.756763
894.0,0.7,1.3,1472,0.629513
895.0,0.9,1.4,464,0.943013
896.0,0.4,1.5,1121,0.262513
897.0,0.3,1.75,1450,0.194263
899.0,0.5,0.35,407,0.065263
900.0,0.6,0.4,937,0.222013
901.0,0.5,0.45,750,0.094763
902.0,0.6,0.5,1204,0.251513
903.0,0.8,0.75,291,0.609263
904.0,0.7,0.8,865,0.482013
905.0,0.9,0.85,536,0.780763
906.0,1.0,0.9,704,0.937513
907.0,1.1,0.7,491,1.020513
908.0,0.5,0.95,641,0.242263
909.0,0.4,1.0,1042,0.115013
910.0,0.5,1.05,1269,0.271763
911.0,0.6,1.1,1417,0.428513
912.0,0.8,1.2,434,0.742013
913.0,0.9,2.0,618,1.120013
914.0,1.1,1.25,1038,1.182763
915.0,1.0,1.8,388,1.203013
916.0,0.5,1.85,1472,0.507763
917.0,0.6,1.9,1071,0.664513
918.0,0.4,1.05,1375,0.129763
919.0,0.3,1.1,274,0.002513
920.0,0.4,1.2,381,0.174013
921.0,0.5,2.0,761,0.552013
922.0,0.6,1.25,1211,0.472763
923.0,0.5,1.3,546,0.345513
924.0,0.6,1.4,760,0.517013
925.0,0.8,1.5,338,0.830513
926.0,0.7,0.6,1235,0.423013
927.0,0.9,0.55,1142,0.692263
928.0,1.0,0.65,700,0.863763
929.0,1.1,0.7,925,1.020513
930.0,1.1,1.75,1373,1.330263
931.0,1.1,0.3,1376,0.902513
932.0,0.5,0.35,513,0.065263
934.0,0.5,0.45,1024,0.094763
935.0,0.6,0.5,1129,0.251513
936.0,0.8,0.6,1166,0.565013
937.0,0.9,0.55,250,0.692263
938.0,1.1,0.65,1167,1.005763
939.0,1.0,0.7,338,0.878513
940.0,0.5,0.8,1362,0.198013
941.0,0.6,0.75,568,0.325263
942.0,0.4,0.8,799,0.056013
943.0,1.3,0.85,739,1.348763
947.0,0.5,1.0,1288,0.257013
952.0,0.9,1.2,1019,0.884013
953.0,0.7,2.0,809,0.836013
954.0,0.95,1.25,855,0.969763
955.0,1.0,1.3,886,1.055513
956.0,0.85,1.4,930,0.872013
957.0,0.9,1.5,400,0.972513
958.0,0.7,0.6,931,0.423013
959.0,0.95,0.55,1086,0.763263
960.0,1.0,0.65,1415,0.863763
961.0,1.05,0.7,893,0.949513
962.0,1.1,1.75,1134,1.330263
963.0,1.2,1.8,1160,1.487013
966.0,1.3,0.25,1480,1.171763
967.0,1.4,0.3,250,1.328513
968.0,1.5,0.35,654,1.485263
970.0,0.5,0.45,1115,0.094763
976.0,0.5,0.7,1415,0.168513
977.0,0.6,0.95,995,0.384263
978.0,0.4,1.0,758,0.115013
980.0,0.4,1.1,895,0.144513
981.0,0.5,1.2,894,0.316013
982.0,0.6,2.0,1071,0.694013
983.0,0.5,1.25,1307,0.330763
984.0,0.6,1.4,1432,0.517013
985.0,0.8,1.5,1155,0.830513
986.0,0.7,1.75,448,0.762263
987.0,0.9,0.5,707,0.677513
988.0,1.0,1.6,1485,1.144013
989.0,1.1,1.7,526,1.315513
990.0,1.1,1.75,579,1.330263
991.0,1.1,1.8,743,1.345013
992.0,0.5,1.85,539,0.507763
993.0,0.4,1.9,630,0.380513
994.0,0.5,1.05,1460,0.271763
995.0,0.6,1.1,1057,0.428513
996.0,0.8,1.2,885,0.742013
997.0,0.9,2.0,643,1.120013
998.0,1.1,1.25,1381,1.182763
999.0,1.0,1.3,1009,1.055513
1000.0,0.5,1.4,1262,0.375013
1001.0,0.6,1.5,1082,0.546513
1003.0,1.3,0.55,727,1.260263
1004.0,1.4,0.65,1322,1.431763
1007.0,0.5,1.8,1370,0.493013
1012.0,0.9,0.35,927,0.633263
1013.0,0.7,0.4,1392,0.364013
1014.0,0.95,0.45,1332,0.733763
1015.0,1.0,0.5,657,0.819513
1016.0,0.85,0.75,1301,0.680263
1017.0,0.9,0.8,1201,0.766013
1018.0,0.7,0.85,1046,0.496763
1019.0,0.95,0.9,1324,0.866513
1020.0,1.0,0.7,1221,0.878513
1021.0,1.05,0.95,1120,1.023263
1022.0,1.1,1.0,284,1.109013
1023.0,1.2,1.05,1481,1.265763
1025.0,1.25,1.2,1029,1.381013
1030.0,0.5,1.9,1395,0.522513
1031.0,0.95,1.05,1141,0.910763
1032.0,1.0,1.1,305,0.996513
1033.0,0.85,1.2,972,0.813013
1034.0,0.9,2.0,1340,1.120013
1035.0,0.7,1.25,594,0.614763
1036.0,0.95,1.3,1449,0.984513
1037.0,1.0,1.4,1453,1.085013
1038.0,1.05,1.5,250,1.185513
1039.0,1.1,0.6,772,0.991013
1040.0,1.2,0.55,1380,1.118263
1042.0,1.25,0.7,396,1.233513
1044.0,1.4,0.3,466,1.328513
1045.0,1.5,0.35,824,1.485263
1047.0,0.5,0.45,647,0.094763
1053.0,0.5,0.8,1403,0.198013
1054.0,0.6,0.75,445,0.325263
1055.0,0.4,0.8,766,0.056013
1057.0,0.4,0.9,934,0.085513
1058.0,0.5,0.7,280,0.168513
1059.0,0.6,0.95,514,0.384263
1060.0,0.5,1.0,450,0.257013
1061.0,0.6,1.05,1022,0.413763
1062.0,0.8,1.1,1146,0.712513
1063.0,0.7,1.2,899,0.600013
1064.0,0.9,2.0,859,1.120013
1065.0,0.7,1.25,706,0.614763
1066.0,0.95,1.3,455,0.984513
1067.0,1.0,1.4,1140,1.085013
1068.0,0.85,1.5,399,0.901513
1069.0,0.9,1.75,960,1.046263
1070.0,0.7,0.5,899,0.393513
1071.0,0.95,0.35,1395,0.704263
1072.0,1.0,0.4,1349,0.790013
1073.0,1.05,0.45,453,0.875763
1074.0,1.1,0.5,1129,0.961513
1075.0,1.2,0.75,1179,1.177263
1077.0,1.25,0.85,1224,1.277763
1078.0,1.3,0.9,800,1.363513
1079.0,1.4,0.7,1144,1.446513
1082.0,0.5,1.05,852,0.271763
1089.0,1.05,1.9,595,1.303513
1090.0,1.1,1.05,1482,1.123763
1093.0,0.5,2.0,587,0.552013
1094.0,0.5,1.25,289,0.330763
1101.0,1.05,0.7,962,0.949513
1102.0,1.1,1.75,370,1.330263
1103.0,1.5,0.3,365,1.470513
1104.0,1.0,0.35,1299,0.775263
1105.0,0.85,0.4,1054,0.577013
1106.0,0.9,0.45,1214,0.662763
1107.0,0.7,0.5,934,0.393513
1108.0,0.95,0.6,1053,0.778013
1109.0,1.0,0.55,756,0.834263
1110.0,1.05,0.65,1061,0.934763
1111.0,1.1,0.7,1114,1.020513
1112.0,1.2,1.25,485,1.324763
1114.0,1.25,1.4,346,1.440013
1116.0,1.4,0.6,584,1.417013
1119.0,0.5,0.7,1364,0.168513
1123.0,0.3,1.9,630,0.238513
1125.0,0.5,0.3,1142,0.050513
1126.0,0.6,0.35,1276,0.207263
1127.0,0.5,0.4,1046,0.080013
1128.0,0.6,0.45,502,0.236763
1129.0,0.8,0.5,574,0.535513
1130.0,0.7,0.75,1136,0.467263
1131.0,0.9,0.8,608,0.766013
1132.0,1.0,0.85,1200,0.922763
1133.0,1.1,0.9,1079,1.079513
1134.0,1.1,0.7,1166,1.020513
1135.0,1.1,0.95,636,1.094263
1136.0,0.5,1.0,1166,0.257013
1137.0,0.4,1.05,1156,0.129763
1138.0,0.5,1.1,285,0.286513
1139.0,0.6,1.2,784,0.458013
1140.0,0.8,2.0,780,0.978013
1141.0,0.9,1.25,258,0.898763
1142.0,1.1,1.4,592,1.227013
1143.0,1.0,1.5,991,1.114513
1144.0,0.5,1.75,779,0.478263
1145.0,0.6,0.5,603,0.251513
1146.0,0.4,1.6,628,0.292013
1151.0,0.5,1.9,1001,0.522513
1156.0,0.9,1.25,464,0.898763
1157.0,0.7,1.3,467,0.629513
1158.0,0.95,1.4,914,1.014013
1159.0,1.0,1.5,346,1.114513
1160.0,0.85,0.6,506,0.636013
1161.0,0.9,0.55,1108,0.692263
1162.0,0.7,0.65,1294,0.437763
1163.0,0.5,0.7,1035,0.168513
1164.0,0.6,1.75,587,0.620263
1165.0,0.5,1.8,383,0.493013
1166.0,0.6,1.85,592,0.649763
1167.0,0.8,1.9,512,0.948513
1168.0,0.7,0.25,1236,0.319763
1169.0,0.9,0.3,629,0.618513
1170.0,1.0,0.35,1132,0.775263
1171.0,1.1,0.4,1177,0.932013
1172.0,0.5,0.45,1380,0.094763
1174.0,0.5,0.75,1142,0.183263
1175.0,0.6,0.8,843,0.340013
1176.0,0.8,0.85,1268,0.638763
1177.0,0.9,0.9,625,0.795513
1178.0,1.1,0.7,907,1.020513
1179.0,1.0,0.95,743,0.952263
1180.0,0.5,1.0,896,0.257013
1181.0,0.6,1.05,1149,0.413763
1182.0,0.4,1.1,1150,0.144513
1183.0,0.3,1.2,1141,0.032013
1184.0,0.4,2.0,1140,0.410013
1185.0,0.5,1.25,461,0.330763
1186.0,0.6,1.8,452,0.635013
1187.0,0.5,1.85,880,0.507763
1188.0,0.6,1.9,830,0.664513
1189.0,0.8,1.05,1070,0.697763
1190.0,0.7,1.1,1295,0.570513
1191.0,0.9,1.2,871,0.884013
1192.0,1.0,2.0,1103,1.262013
1193.0,1.1,1.25,1318,1.182763
1194.0,0.5,1.3,892,0.345513
1195.0,0.4,1.4,1012,0.233013
1196.0,0.5,1.5,332,0.404513
1197.0,0.6,0.6,916,0.281013
1198.0,0.8,0.55,1120,0.550263
1199.0,0.9,0.65,1208,0.721763
1200.0,1.1,0.7,563,1.020513
1201.0,1.0,1.75,1479,1.188263
1202.0,0.5,0.3,1148,0.050513
1203.0,0.6,0.35,1463,0.207263
1204.0,0.4,0.4,380,0.0621
1205.0,0.3,0.45,1139,0.189
1206.0,0.4,0.5,327,0.615
1207.0,0.5,0.6,1087,0.139013
1208.0,0.6,0.55,879,0.266263
1209.0,0.5,0.65,1308,0.153763
1210.0,0.6,0.7,665,0.310513
1211.0,0.8,0.8,829,0.624013
1212.0,0.7,0.75,840,0.467263
1213.0,0.9,0.8,364,0.766013
1214.0,1.0,0.85,728,0.922763
1215.0,1.1,0.9,1343,1.079513
1216.0,1.1,0.7,537,1.020513
1217.0,1.1,0.95,528,1.094263
1218.0,0.5,1.0,304,0.257013
1219.0,0.4,1.05,578,0.129763
1220.0,0.5,1.1,437,0.286513
1221.0,0.6,1.2,964,0.458013
1222.0,0.8,2.0,498,0.978013
1223.0,0.9,1.25,1310,0.898763
1224.0,1.1,1.3,299,1.197513
1225.0,1.0,1.4,1348,1.085013
1226.0,0.5,1.5,1432,0.404513
1227.0,0.6,1.75,683,0.620263
1228.0,0.4,0.5,644,0.062165
1229.0,0.3,0.35,860,0.64526
1230.0,0.4,0.4,610,0.62315
1231.0,0.5,0.45,251,0.094763
1232.0,0.6,0.5,757,0.251513
1233.0,0.5,0.75,723,0.183263
1234.0,0.6,0.8,1346,0.340013
1235.0,0.8,0.85,1444,0.638763
1236.0,0.7,0.9,872,0.511513
1237.0,0.9,0.7,595,0.736513
1238.0,0.4,0.95,1146,0.100263
1239.0,0.3,1.25,1439,0.046763
1240.0,0.4,1.8,497,0.351013
1241.0,0.5,1.85,1380,0.507763
1242.0,0.6,1.9,355,0.664513
1243.0,0.5,1.05,1339,0.271763
1244.0,0.6,1.1,926,0.428513
1245.0,0.8,1.2,329,0.742013
1246.0,0.7,2.0,1089,0.836013
1247.0,0.9,1.25,1317,0.898763
1248.0,1.0,1.3,289,1.055513
1249.0,1.1,1.4,276,1.227013
1250.0,0.5,1.5,1151,0.404513
1251.0,0.4,0.6,639,0.194
1252.0,0.5,0.55,973,0.124263
1253.0,0.6,0.65,1386,0.295763
1254.0,0.8,0.7,1242,0.594513
1255.0,0.9,1.75,1407,1.046263
1256.0,1.1,0.3,722,0.902513
1257.0,1.0,0.35,478,0.775263
1258.0,0.5,0.4,513,0.080013
1259.0,0.6,0.45,853,0.236763
1260.0,0.4,0.5,542,0.2315
1261.0,0.3,0.6,1151,0.2135
1262.0,0.4,0.55,743,0.1654
1263.0,0.5,0.65,1476,0.153763
1264.0,0.6,0.7,377,0.310513
1265.0,0.5,0.8,814,0.198013
1266.0,0.6,0.75,718,0.325263
1267.0,0.8,0.8,1190,0.624013
1268.0,0.7,0.85,1024,0.496763
1269.0,0.9,0.9,420,0.795513
1270.0,1.0,0.7,510,0.878513
1271.0,1.1,0.95,819,1.094263
1272.0,1.1,1.0,850,1.109013
1273.0,1.1,1.05,256,1.123763
1274.0,0.5,1.1,557,0.286513
1275.0,0.4,1.2,388,0.174013
1276.0,0.5,2.0,1386,0.552013
1277.0,0.6,1.25,310,0.472763
1278.0,0.8,1.3,1299,0.771513
1279.0,0.9,1.4,1414,0.943013
1280.0,1.1,1.5,867,1.256513
1281.0,1.0,1.75,1068,1.188263
1282.0,0.5,0.5,387,0.109513
1283.0,0.6,0.35,1444,0.207263
1284.0,0.4,0.4,775,0.01232
1285.0,1.3,0.45,1031,1.230763
1286.0,1.4,0.5,1426,1.387513
1289.0,0.5,0.85,1085,0.212763
1294.0,0.9,1.05,444,0.839763
1295.0,0.7,1.1,863,0.570513
1296.0,0.95,1.2,902,0.955013
1297.0,1.0,2.0,475,1.262013
1298.0,0.85,1.25,1265,0.827763
1299.0,0.9,1.8,1136,1.061013
1300.0,0.7,1.85,1389,0.791763
1301.0,0.95,1.9,1494,1.161513
1302.0,1.0,1.05,922,0.981763
1303.0,1.05,1.1,344,1.067513
1304.0,1.1,1.2,277,1.168013
1307.0,1.25,1.3,633,1.410513
1312.0,0.5,0.65,378,0.153763
1318.0,0.5,0.45,760,0.094763
1319.0,0.6,0.5,442,0.251513
1320.0,0.4,0.6,940,0.168513
1321.0,0.3,0.55,1095,0.168513
1322.0,0.4,0.65,271,0.011763
1323.0,0.5,0.7,1299,0.168513
1324.0,0.6,0.8,1481,0.340013
1325.0,0.5,0.75,1055,0.183263
1326.0,0.6,0.8,1220,0.340013
1327.0,0.8,0.85,444,0.638763
1328.0,0.7,0.9,1051,0.511513
1329.0,0.9,0.7,662,0.736513
1330.0,1.0,0.95,845,0.952263
1331.0,1.1,1.0,1238,1.109013
1332.0,1.1,1.05,1468,1.123763
1333.0,1.1,1.9,1353,1.374513
1334.0,0.5,1.05,1171,0.271763
1335.0,0.4,1.1,666,0.144513
1336.0,0.5,1.2,1293,0.316013
1337.0,0.6,2.0,441,0.694013
1338.0,0.8,1.25,983,0.756763
1339.0,0.9,1.3,1282,0.913513
1340.0,1.1,1.4,650,1.227013
1341.0,1.0,1.5,399,1.114513
1342.0,0.5,0.6,337,0.139013
1343.0,0.6,0.55,1300,0.266263
1344.0,0.4,0.65,941,0.011763
1345.0,1.3,0.7,1127,1.304513
1349.0,0.5,1.9,523,0.522513
1354.0,0.9,0.45,1168,0.662763
1355.0,0.7,0.5,774,0.393513
1356.0,0.95,0.75,1286,0.822263
1357.0,1.0,0.8,926,0.908013
1358.0,0.85,0.85,1265,0.709763
1359.0,0.9,0.9,258,0.795513
1360.0,0.7,0.7,1495,0.452513
1361.0,0.95,0.95,710,0.881263
1362.0,1.0,1.0,517,0.967013
1363.0,1.05,1.05,1226,1.052763
1364.0,1.1,1.1,1496,1.138513
1365.0,1.2,1.2,1207,1.310013
1367.0,1.25,1.25,1471,1.395763
1372.0,1.1,1.6,581,1.286013
1373.0,1.1,1.7,937,1.315513
1374.0,0.5,1.75,995,0.478263
1375.0,0.4,1.8,961,0.351013
1376.0,0.5,1.85,1051,0.507763
1377.0,0.6,1.9,696,0.664513
1378.0,0.8,1.05,1316,0.697763
1379.0,0.9,1.1,1292,0.854513
1380.0,1.1,1.2,568,1.168013
1381.0,1.0,2.0,878,1.262013
1382.0,0.5,1.25,714,0.330763
1383.0,0.6,1.3,1369,0.487513
1384.0,0.4,1.4,760,0.233013
1385.0,0.3,1.5,870,0.120513
1386.0,0.4,0.6,381,0.01232
1387.0,0.5,0.55,1453,0.124263
1388.0,0.6,0.65,490,0.295763
1389.0,0.5,0.7,714,0.168513
1390.0,0.6,1.75,252,0.620263
1391.0,0.8,1.8,369,0.919013
1392.0,0.7,1.85,472,0.791763
1393.0,0.9,1.9,598,1.090513
1394.0,0.4,0.25,815,0.1321
1395.0,0.3,0.3,1355,0.123265
1396.0,0.4,0.35,1306,0.2315
1397.0,0.5,0.4,867,0.080013
1398.0,0.6,0.45,1217,0.236763
1399.0,0.5,0.5,1407,0.109513
1400.0,0.6,0.75,830,0.325263
1401.0,0.8,0.7,584,0.594513
1402.0,0.7,0.8,949,0.482013
1403.0,0.9,0.75,1301,0.751263
1404.0,1.0,0.8,1456,0.908013
1405.0,1.1,0.85,361,1.064763
1406.0,0.5,0.9,1427,0.227513
1407.0,0.4,0.7,680,0.026513
1408.0,0.5,0.95,1187,0.242263
1409.0,0.6,1.0,346,0.399013
1410.0,0.8,1.05,453,0.697763
1411.0,0.9,1.1,356,0.854513
1412.0,1.1,1.2,1109,1.168013
1413.0,1.0,2.0,895,1.262013
1414.0,0.5,1.25,1108,0.330763
1415.0,0.6,1.3,504,0.487513
1416.0,0.4,1.4,1043,0.233013
1417.0,0.3,1.5,799,0.120513
1418.0,0.4,1.75,287,0.336263
1419.0,0.5,0.5,311,0.109513
1420.0,0.6,1.6,716,0.576013
1421.0,0.5,1.7,1057,0.463513
1422.0,0.6,1.75,944,0.620263
1423.0,0.8,1.8,337,0.919013
1424.0,0.7,1.85,481,0.791763
1425.0,0.9,1.9,1070,1.090513
1426.0,1.0,1.05,1013,0.981763
1427.0,1.1,1.1,336,1.138513
1428.0,1.1,1.2,689,1.168013
1429.0,1.1,2.0,488,1.404013
1430.0,0.5,1.25,289,0.330763
1431.0,0.4,1.3,1480,0.203513
1432.0,0.5,1.4,467,0.375013
1433.0,0.6,1.5,826,0.546513
1434.0,0.8,1.75,915,0.904263
1435.0,0.9,0.5,1449,0.677513
1436.0,1.1,1.6,506,1.286013
1437.0,1.0,1.7,1480,1.173513
1438.0,0.5,1.75,1041,0.478263
1439.0,0.6,1.8,256,0.635013
1440.0,0.4,1.85,775,0.365763
1442.0,1.4,0.25,708,1.313763
1443.0,1.5,0.3,1203,1.470513
1445.0,0.5,0.4,679,0.080013
1450.0,0.9,0.85,804,0.780763
1451.0,0.7,0.9,992,0.511513
1452.0,0.95,0.7,934,0.807513
1453.0,1.0,0.95,604,0.952263
1454.0,0.85,1.0,441,0.754013
1455.0,0.9,1.05,937,0.839763
1456.0,0.7,1.1,1060,0.570513
1457.0,0.95,1.2,1346,0.955013
1458.0,1.0,2.0,390,1.262013
1459.0,1.05,1.25,436,1.111763
1460.0,1.1,1.3,629,1.197513
1461.0,1.2,1.4,670,1.369013
1463.0,1.25,1.05,1284,1.336763
1464.0,1.3,1.1,1273,1.422513
1468.0,0.5,1.3,781,0.345513
1475.0,1.05,0.75,746,0.964263
1476.0,1.1,0.8,457,1.050013
1479.0,0.5,0.7,1000,0.168513
1480.0,0.5,0.95,1473,0.242263
1487.0,1.05,1.3,644,1.126513
1488.0,1.1,1.4,1372,1.227013
1490.0,1.0,1.75,750,1.188263
1491.0,0.85,0.5,380,0.606513
1492.0,0.9,1.6,1494,1.002013
1493.0,0.7,1.7,1476,0.747513
1494.0,0.95,1.75,387,1.117263
1495.0,1.0,1.8,369,1.203013
1496.0,1.05,1.85,293,1.288763
1497.0,1.1,1.9,883,1.374513
1498.0,1.2,1.05,456,1.265763
1500.0,1.25,1.2,699,1.381013
1505.0,0.5,1.5,1423,0.404513
1509.0,0.3,1.7,822,0.179513
1510.0,0.4,1.75,1482,0.336263
1511.0,0.5,1.8,1112,0.493013
1512.0,0.6,1.85,958,0.649763
1513.0,0.5,1.9,1379,0.522513
1514.0,0.6,0.25,836,0.177763
1515.0,0.8,0.3,1124,0.476513
1516.0,0.7,0.35,266,0.349263
1517.0,0.9,0.4,290,0.648013
1518.0,1.0,0.45,597,0.804763
1519.0,1.1,0.5,916,0.961513
1520.0,1.1,0.75,634,1.035263
1521.0,1.1,0.8,851,1.050013
1522.0,0.5,0.85,808,0.212763
1523.0,0.4,0.9,641,0.085513
1524.0,0.5,0.7,258,0.168513
1525.0,0.6,0.95,571,0.384263
1526.0,0.8,1.0,1303,0.683013
1527.0,0.9,1.05,659,0.839763
1528.0,1.1,1.1,982,1.138513
1529.0,1.0,1.2,1177,1.026013
1530.0,0.5,2.0,371,0.552013
1531.0,0.6,1.25,911,0.472763
1532.0,0.4,1.3,882,0.203513
1537.0,0.5,1.2,1198,0.316013
1542.0,0.9,1.5,630,0.972513
1543.0,0.7,1.75,1265,0.762263
1544.0,0.95,0.5,944,0.748513
1545.0,1.0,1.05,1498,0.981763
1546.0,0.85,1.1,473,0.783513
1547.0,0.9,1.2,985,0.884013
1548.0,0.7,2.0,1345,0.836013
1549.0,0.5,1.25,1314,0.330763
1550.0,0.6,1.3,698,0.487513
1551.0,0.5,1.4,1291,0.375013
1552.0,0.6,1.5,1145,0.546513
1553.0,0.8,1.75,1079,0.904263
1554.0,0.7,0.5,907,0.393513
1555.0,0.9,0.7,1226,0.736513
1556.0,1.0,0.8,1075,0.908013
1557.0,1.1,0.75,1436,1.035263
1558.0,0.5,0.8,1164,0.198013
1559.0,0.4,0.85,1183,0.070763
1560.0,0.5,0.9,841,0.227513
1561.0,0.6,0.7,443,0.310513
1562.0,0.8,0.95,372,0.668263
1563.0,0.9,1.0,1279,0.825013
1564.0,1.1,1.05,441,1.123763
1565.0,1.0,1.1,1022,0.996513
1566.0,0.5,1.2,441,0.316013
1567.0,0.6,2.0,1194,0.694013
1568.0,0.4,1.25,607,0.188763
1569.0,0.3,1.3,1455,0.061513
1570.0,0.4,1.4,708,0.233013
1571.0,0.5,1.5,343,0.404513
1572.0,0.6,1.75,300,0.620263
1573.0,0.5,1.5,1237,0.404513
1574.0,0.6,1.05,714,0.413763
1575.0,0.8,1.1,542,0.712513
1576.0,0.7,1.2,1124,0.600013
1577.0,0.9,2.0,693,1.120013
1578.0,1.0,1.25,624,1.040763
1579.0,1.1,1.3,1357,1.197513
1580.0,0.5,1.4,953,0.375013
1581.0,0.4,1.5,669,0.262513
1582.0,0.5,1.75,1377,0.478263
1583.0,0.6,0.5,1309,0.251513
1584.0,0.8,1.05,903,0.697763
1585.0,0.9,1.1,1214,0.854513
1586.0,1.1,1.2,1207,1.168013
1587.0,1.0,2.0,331,1.262013
1588.0,0.5,1.25,274,0.330763
1589.0,0.6,1.3,419,0.487513
1590.0,0.4,1.4,1198,0.233013
1591.0,0.3,1.5,603,0.120513
1592.0,0.4,1.75,421,0.336263
1593.0,0.5,0.5,1473,0.109513
1594.0,0.6,0.7,1022,0.310513
1595.0,0.5,0.8,1231,0.198013
1596.0,0.6,0.75,558,0.325263
1597.0,0.8,0.8,298,0.624013
1598.0,0.7,0.85,1370,0.496763
1599.0,0.9,0.9,1046,0.795513
1600.0,1.0,0.7,404,0.878513
1601.0,1.1,0.95,747,1.094263
1602.0,1.1,1.0,1230,1.109013
1603.0,1.1,0.8,379,1.050013
1604.0,0.5,0.85,394,0.212763
1605.0,0.4,0.9,523,0.085513
1606.0,0.5,0.7,450,0.168513
1607.0,0.6,0.95,1160,0.384263
1608.0,0.8,1.0,979,0.683013
1609.0,0.9,1.05,1266,0.839763
1610.0,1.1,1.1,995,1.138513
1611.0,1.0,1.2,1117,1.026013
1612.0,0.5,2.0,1348,0.552013
1613.0,0.6,1.25,1121,0.472763
1614.0,0.4,1.3,687,0.203513
1615.0,0.3,1.4,250,0.091013
1616.0,0.4,1.5,1451,0.262513
1617.0,0.5,1.75,739,0.478263
1618.0,0.6,1.5,839,0.546513
1619.0,0.5,1.05,1248,0.271763
1620.0,0.6,1.1,1498,0.428513
1621.0,0.8,1.2,739,0.742013
1622.0,0.7,2.0,907,0.836013
1623.0,0.9,1.25,763,0.898763
1624.0,0.4,1.3,779,0.203513
1625.0,0.3,1.4,891,0.091013
1626.0,0.4,1.5,634,0.262513
1627.0,0.5,1.75,1133,0.478263
1628.0,0.6,0.5,763,0.251513
1629.0,0.5,1.05,716,0.271763
1630.0,0.6,1.1,316,0.428513
1631.0,0.8,1.2,967,0.742013
1632.0,0.7,2.0,1069,0.836013
1633.0,0.9,1.25,1436,0.898763
1634.0,1.0,1.3,476,1.055513
1635.0,1.1,1.4,1255,1.227013
1636.0,0.5,1.7,1033,0.463513
1637.0,0.4,1.75,1092,0.336263
1638.0,0.5,1.8,467,0.493013
1639.0,0.6,1.85,683,0.649763
1640.0,0.8,1.9,1064,0.948513
1641.0,0.9,0.25,422,0.603763
1642.0,1.1,0.3,271,0.902513
1643.0,1.0,0.35,951,0.775263
1644.0,0.5,0.4,790,0.080013
1645.0,0.6,0.45,1337,0.236763
1646.0,0.4,0.5,996,0.00321
1647.0,0.3,0.75,739,0.3231
1648.0,0.4,0.8,1210,0.056013
1649.0,0.5,0.85,608,0.212763
1650.0,0.6,0.9,1183,0.369513
1651.0,0.5,0.7,950,0.168513
1652.0,0.6,0.95,1154,0.384263
1653.0,0.8,1.0,909,0.683013
1654.0,0.7,1.05,1134,0.555763
1655.0,0.9,1.1,927,0.854513
1656.0,1.0,1.2,1030,1.026013
1657.0,1.1,2.0,321,1.404013
1658.0,1.1,1.25,732,1.182763
1659.0,1.1,1.3,1088,1.197513
1660.0,0.5,1.4,1386,0.375013
1661.0,0.4,1.5,437,0.262513
1662.0,0.5,1.05,822,0.271763
1663.0,0.6,1.1,1020,0.428513
1664.0,0.8,1.2,1492,0.742013
1665.0,0.9,2.0,438,1.120013
1666.0,1.1,1.25,937,1.182763
1667.0,1.0,1.3,1225,1.055513
1668.0,0.5,1.4,546,0.375013
1669.0,0.6,1.5,796,0.546513
1670.0,0.4,1.75,553,0.336263
1671.0,1.3,0.5,1491,1.245513
1672.0,1.4,0.7,483,1.446513
1675.0,0.5,0.8,1090,0.198013
1680.0,0.9,1.0,1038,0.825013
1681.0,0.7,1.05,328,0.555763
1682.0,0.95,1.1,651,0.925513
1683.0,1.0,1.2,1379,1.026013
1684.0,0.85,2.0,971,1.049013
1685.0,0.9,1.25,1211,0.898763
1686.0,0.7,1.3,339,0.629513
1687.0,0.95,1.4,587,1.014013
1688.0,1.0,1.5,650,1.114513
1689.0,1.05,1.75,1257,1.259263
1690.0,1.1,0.5,941,0.961513
1691.0,1.2,1.6,1435,1.428013
1698.0,0.5,1.1,523,0.286513
1704.0,0.5,1.5,885,0.404513
1705.0,0.6,1.75,1020,0.620263
1707.0,0.3,1.6,1482,0.150013
1708.0,0.4,1.7,542,0.321513
1709.0,0.5,1.75,551,0.478263
1710.0,0.6,1.8,370,0.635013
1711.0,0.5,1.85,1359,0.507763
1712.0,0.6,1.9,1124,0.664513
1713.0,0.8,0.25,542,0.461763
1714.0,0.7,0.3,294,0.334513
1715.0,0.9,0.35,441,0.633263
1716.0,1.0,0.4,505,0.790013
1717.0,1.1,0.45,326,0.946763
1718.0,1.1,0.5,275,0.961513
1719.0,1.1,0.75,1461,1.035263
1720.0,0.5,0.8,275,0.198013
1721.0,0.4,0.85,1261,0.070763
1722.0,0.5,0.9,673,0.227513
1723.0,0.6,0.7,267,0.310513
1724.0,0.8,0.95,1224,0.668263
1725.0,0.9,1.0,1477,0.825013
1726.0,1.1,1.05,1486,1.123763
1727.0,1.0,1.1,1324,0.996513
1728.0,0.5,1.2,1347,0.316013
1729.0,0.6,2.0,365,0.694013
1730.0,0.4,1.25,1251,0.188763
1731.0,1.3,1.3,766,1.481513
1735.0,0.5,1.1,761,0.286513
1740.0,0.9,1.4,903,0.943013
1741.0,0.7,1.5,1192,0.688513
1742.0,0.95,1.75,1033,1.117263
1743.0,1.0,0.5,703,0.819513
1744.0,0.85,1.05,1311,0.768763
1745.0,0.9,1.1,488,0.854513
1746.0,0.7,1.2,1098,0.600013
1747.0,0.95,2.0,1303,1.191013
1748.0,1.0,1.25,1163,1.040763
1749.0,1.05,1.3,387,1.126513
1750.0,1.1,1.4,1280,1.227013
1751.0,1.2,1.5,1085,1.398513
1753.0,1.25,0.5,1288,1.174513
1754.0,1.3,0.7,1417,1.304513
1755.0,1.4,0.8,1035,1.476013
1758.0,0.5,0.85,779,0.212763
1759.0,0.95,0.9,1325,0.866513
1760.0,1.0,0.7,1181,0.878513
1761.0,0.85,0.95,540,0.739263
1762.0,0.9,1.0,1500,0.825013
1763.0,0.7,1.05,264,0.555763
1764.0,0.95,1.1,864,0.925513
1765.0,1.0,1.2,1407,1.026013
1766.0,1.05,2.0,864,1.333013
1767.0,1.1,1.25,1459,1.182763
1768.0,1.2,1.3,383,1.339513
1770.0,1.25,1.5,730,1.469513
1775.0,0.5,1.2,854,0.316013
1781.0,0.5,1.75,948,0.478263
1782.0,0.6,0.5,426,0.251513
1783.0,0.4,1.05,1475,0.129763
1784.0,0.3,1.1,859,0.002513
1785.0,0.4,1.2,427,0.174013
1786.0,0.5,2.0,305,0.552013
1787.0,0.6,1.25,1141,0.472763
1788.0,0.5,1.3,1391,0.345513
1789.0,0.6,1.4,1130,0.517013
1790.0,0.8,1.5,761,0.830513
1791.0,0.7,1.75,1105,0.762263
1792.0,0.9,0.5,817,0.677513
1793.0,0.7,0.7,927,0.452513
1794.0,0.95,0.8,1326,0.837013
1795.0,1.0,0.75,1130,0.893263
1796.0,0.85,0.8,667,0.695013
1797.0,0.9,0.85,1122,0.780763
1798.0,0.7,0.9,386,0.511513
1799.0,0.95,0.7,1466,0.807513
1800.0,1.0,0.95,1147,0.952263
1801.0,1.05,1.0,552,1.038013
1802.0,1.1,0.8,459,1.050013
1803.0,1.2,0.85,315,1.206763
1805.0,1.25,0.7,1352,1.233513
1806.0,1.3,0.95,816,1.378263
1810.0,0.5,1.2,1374,0.316013
1817.0,0.4,1.5,588,0.262513
1818.0,0.5,1.05,825,0.271763
1819.0,0.6,1.1,1237,0.428513
1820.0,0.5,1.2,812,0.316013
1821.0,0.6,2.0,1411,0.694013
1822.0,0.8,1.25,936,0.756763
1823.0,0.7,1.3,929,0.629513
1824.0,0.9,1.4,821,0.943013
1825.0,1.0,1.5,1094,1.114513
1826.0,1.1,1.75,594,1.330263
1827.0,1.1,0.5,693,0.961513
1828.0,1.1,1.05,493,1.123763
1829.0,0.5,1.1,695,0.286513
1830.0,0.4,1.25,654,0.188763
1831.0,0.5,1.3,836,0.345513
1832.0,0.6,1.4,1309,0.517013
1833.0,0.8,1.5,966,0.830513
1834.0,0.9,1.75,716,1.046263
1835.0,1.1,0.5,1148,0.961513
1836.0,1.0,1.05,305,0.981763
1837.0,0.5,1.1,855,0.286513
1838.0,0.6,1.2,1402,0.458013
1839.0,0.4,2.0,1070,0.410013
1840.0,1.3,1.25,597,1.466763
1844.0,0.5,1.75,1496,0.478263
1849.0,0.9,0.3,1143,0.618513
1850.0,0.7,0.35,927,0.349263
1851.0,0.95,0.4,1118,0.719013
1852.0,1.0,0.45,1436,0.804763
1853.0,0.85,0.5,1191,0.606513
1854.0,0.9,0.75,733,0.751263
1855.0,0.7,0.8,1473,0.482013
1856.0,0.95,0.85,541,0.851763
1857.0,1.0,0.9,566,0.937513
1858.0,1.05,0.7,1131,0.949513
1859.0,1.1,0.95,841,1.094263
1860.0,1.2,1.0,1434,1.251013
1862.0,1.25,1.1,784,1.351513
1863.0,1.3,1.2,638,1.452013
1867.0,0.5,1.4,731,0.375013
1868.0,0.95,1.5,366,1.043513
1869.0,1.0,1.05,664,0.981763
1870.0,0.85,1.1,274,0.783513
1871.0,0.9,1.2,277,0.884013
1872.0,0.7,2.0,674,0.836013
1873.0,0.95,1.25,927,0.969763
1874.0,1.0,1.3,1369,1.055513
1875.0,1.05,1.4,1388,1.156013
1876.0,1.1,1.5,1221,1.256513
1877.0,1.2,1.75,905,1.472263
1879.0,1.25,1.3,1298,1.410513
1884.0,0.5,1.05,1103,0.271763
1890.0,0.5,1.4,1461,0.375013
1891.0,0.6,1.5,1188,0.546513
1892.0,0.4,1.75,1464,0.336263
1893.0,0.3,0.5,768,0.12321
1894.0,0.4,1.05,344,0.129763
1895.0,0.5,1.1,501,0.286513
1896.0,0.6,1.25,1487,0.472763
1897.0,0.5,1.3,294,0.345513
1898.0,0.6,1.4,978,0.517013
1899.0,0.8,1.5,381,0.830513
1900.0,0.7,1.75,1120,0.762263
1901.0,0.9,0.5,1338,0.677513
1902.0,0.7,1.05,806,0.555763
1903.0,0.95,1.1,1306,0.925513
1904.0,1.0,1.2,499,1.026013
1905.0,0.85,2.0,845,1.049013
1906.0,0.9,1.25,663,0.898763
1907.0,0.7,1.3,373,0.629513
1908.0,0.95,1.4,551,1.014013
1909.0,1.0,1.7,1009,1.173513
1910.0,1.05,1.75,1112,1.259263
1911.0,1.1,1.8,548,1.345013
1914.0,1.25,0.25,1243,1.100763
1915.0,1.3,0.3,430,1.186513
1916.0,1.4,0.35,1349,1.343263
1919.0,0.5,0.5,1482,0.109513
1926.0,1.05,1.0,965,1.038013
1927.0,1.1,1.05,310,1.123763
1930.0,0.5,2.0,264,0.552013
1931.0,0.5,1.25,1341,0.330763
1938.0,1.05,2.0,1432,1.333013
1939.0,1.1,1.25,404,1.182763
1941.0,1.0,1.4,899,1.085013
1942.0,0.85,1.5,869,0.901513
1943.0,0.9,1.75,1377,1.046263
1944.0,0.7,0.25,723,0.319763
1945.0,0.95,0.3,620,0.689513
1946.0,1.0,0.35,1056,0.775263
1947.0,1.05,0.4,786,0.861013
1948.0,1.1,0.45,1494,0.946763
1949.0,1.2,0.5,461,1.103513
1951.0,1.25,0.8,706,1.263013
1952.0,1.3,0.85,1418,1.348763
1956.0,0.5,1.0,558,0.257013
1960.0,0.3,2.0,781,0.268013
1961.0,0.4,1.25,579,0.188763
1962.0,0.5,1.3,754,0.345513
1963.0,0.6,1.4,344,0.517013
1964.0,0.5,1.5,959,0.404513
1965.0,0.6,1.05,475,0.413763
1966.0,0.8,1.1,823,0.712513
1967.0,0.7,1.2,280,0.600013
1968.0,0.9,2.0,420,1.120013
1969.0,1.0,1.25,586,1.040763
1970.0,1.1,1.3,1143,1.197513
1971.0,1.1,1.4,411,1.227013
1972.0,1.1,1.5,774,1.256513
1973.0,0.5,1.75,1287,0.478263
1974.0,0.4,1.25,288,0.188763
1975.0,0.5,1.3,1149,0.345513
1976.0,0.6,1.4,789,0.517013
1977.0,0.8,1.5,834,0.830513
1978.0,0.9,0.45,719,0.662763
1979.0,1.1,0.5,282,0.961513
1980.0,1.0,0.75,668,0.893263
1981.0,0.5,0.8,888,0.198013
1982.0,0.6,0.85,323,0.354763
1983.0,0.4,0.9,1439,0.085513
1984.0,1.3,0.7,936,1.304513
1988.0,0.5,1.1,737,0.286513
1993.0,0.9,1.4,673,0.943013
1994.0,0.7,1.5,1436,0.662763
1995.0,0.9,0.45,719,0.662763
1996.0,1.1,0.5,282,0.961513
1997.0,1.0,0.75,668,0.893263
1998.0,0.5,0.8,888,0.198013
1999.0,0.6,0.85,323,0.354763
1999.0,0.5,0.8,888,0.198013
